record_id,caller,receiver,timestamp,duration,location,source
CDR_0001,+919849392920,+919845935572,2026-08-25T17:54:06.544273+00:00,252,Synthetic Terminal Node 3 (Bengaluru),SYNTHETIC_TELCO_GATEWAY
CDR_0002,+919872820592,+919825374874,2026-08-25T19:31:06.544273+00:00,228,Synthetic Terminal Node 7 (Kolkata),SYNTHETIC_TELCO_GATEWAY
CDR_0003,+919886125617,+919885345555,2026-08-25T20:37:06.544273+00:00,12,Synthetic Terminal Node 7 (Kolkata),SYNTHETIC_TELCO_GATEWAY
CDR_0004,+919828566572,+919884252722,2026-08-25T21:43:06.544273+00:00,443,Synthetic Terminal Node 9 (Mumbai),SYNTHETIC_TELCO_GATEWAY
CDR_0005,+919825374874,+919845551614,2026-08-25T22:49:06.544273+00:00,313,Synthetic Terminal Node 4 (Hyderabad),SYNTHETIC_TELCO_GATEWAY
CDR_0006,+919886125617,+919870897765,2026-08-26T00:23:06.544273+00:00,72,Synthetic Terminal Node 6 (Chennai),SYNTHETIC_TELCO_GATEWAY
CDR_0008,+919870897765,+919825374874,2026-08-26T02:45:06.544273+00:00,553,Synthetic Terminal Node 3 (Bengaluru),SYNTHETIC_TELCO_GATEWAY
CDR_0009,+919886125617,+919896028436,2026-08-26T03:30:06.544273+00:00,200,Synthetic Terminal Node 2 (Delhi),SYNTHETIC_TELCO_GATEWAY
CDR_0010,+919845351479,+919897971488,2026-08-26T05:20:06.544273+00:00,250,Synthetic Terminal Node 7 (Kolkata),SYNTHETIC_TELCO_GATEWAY
CDR_0011,+919896282117,+919870897765,2026-08-26T06:04:06.544273+00:00,50,Synthetic Terminal Node 10 (Delhi),SYNTHETIC_TELCO_GATEWAY
CDR_0012,+919897971488,+919872820592,2026-08-26T07:43:06.544273+00:00,588,Synthetic Terminal Node 9 (Mumbai),SYNTHETIC_TELCO_GATEWAY
CDR_0013,+919830514014,+919828566572,2026-08-26T08:26:06.544273+00:00,331,Synthetic Terminal Node 4 (Hyderabad),SYNTHETIC_TELCO_GATEWAY
CDR_0014,+919828566572,+919861642594,2026-08-26T09:33:06.544273+00:00,317,Synthetic Terminal Node 8 (Pune),SYNTHETIC_TELCO_GATEWAY
CDR_0015,+919830514014,+919897971488,2026-08-26T10:37:06.544273+00:00,479,Synthetic Terminal Node 10 (Delhi),SYNTHETIC_TELCO_GATEWAY
CDR_0016,+919870897765,+919896282117,2026-08-26T11:53:06.544273+00:00,560,Synthetic Terminal Node 4 (Hyderabad),SYNTHETIC_TELCO_GATEWAY
CDR_0017,+919896028436,+919828566572,2026-08-26T13:09:06.544273+00:00,367,Synthetic Terminal Node 2 (Delhi),SYNTHETIC_TELCO_GATEWAY
CDR_0018,+919863606628,+919866661351,2026-08-26T14:31:06.544273+00:00,171,Synthetic Terminal Node 8 (Pune),SYNTHETIC_TELCO_GATEWAY
CDR_0019,+919849392920,+919822201654,2026-08-26T16:04:06.544273+00:00,551,Synthetic Terminal Node 1 (Mumbai),SYNTHETIC_TELCO_GATEWAY
CDR_0020,+919849392920,+919822201654,2026-08-26T17:19:06.544273+00:00,116,Synthetic Terminal Node 3 (Bengaluru),SYNTHETIC_TELCO_GATEWAY
CDR_0021,+919828566572,+919896282117,2026-08-26T17:55:06.544273+00:00,576,Synthetic Terminal Node 3 (Bengaluru),SYNTHETIC_TELCO_GATEWAY
CDR_0022,+919828566572,+919822201654,2026-08-26T19:39:06.544273+00:00,225,Synthetic Terminal Node 6 (Chennai),SYNTHETIC_TELCO_GATEWAY
CDR_0023,+919888461803,+919828566572,2026-08-26T20:45:06.544273+00:00,510,Synthetic Terminal Node 5 (Ahmedabad),SYNTHETIC_TELCO_GATEWAY
CDR_0024,+919886125617,+919897971488,2026-08-26T22:05:06.544273+00:00,443,Synthetic Terminal Node 5 (Ahmedabad),SYNTHETIC_TELCO_GATEWAY
CDR_0025,+919886125617,+919845935572,2026-08-26T22:58:06.544273+00:00,143,Synthetic Terminal Node 5 (Ahmedabad),SYNTHETIC_TELCO_GATEWAY
CDR_0026,+919885345555,+919884252722,2026-08-27T00:24:06.544273+00:00,447,Synthetic Terminal Node 9 (Mumbai),SYNTHETIC_TELCO_GATEWAY
CDR_0027,+919845935572,+919896282117,2026-08-27T01:05:06.544273+00:00,162,Synthetic Terminal Node 9 (Mumbai),SYNTHETIC_TELCO_GATEWAY
CDR_0028,+919886125617,+919866661351,2026-08-27T02:50:06.544273+00:00,575,Synthetic Terminal Node 3 (Bengaluru),SYNTHETIC_TELCO_GATEWAY
CDR_0029,+919872820592,+919845551614,2026-08-27T03:27:06.544273+00:00,325,Synthetic Terminal Node 6 (Chennai),SYNTHETIC_TELCO_GATEWAY
CDR_0030,+919886125617,+919866661351,2026-08-27T04:50:06.544273+00:00,265,Synthetic Terminal Node 2 (Delhi),SYNTHETIC_TELCO_GATEWAY
CDR_0031,+919866661351,+919849392920,2026-08-27T06:15:06.544273+00:00,168,Synthetic Terminal Node 4 (Hyderabad),SYNTHETIC_TELCO_GATEWAY
CDR_0033,+919872820592,+919845935572,2026-08-27T08:24:06.544273+00:00,350,Synthetic Terminal Node 7 (Kolkata),SYNTHETIC_TELCO_GATEWAY
CDR_0034,+919863606628,+919828566572,2026-08-27T09:35:06.544273+00:00,120,Synthetic Terminal Node 7 (Kolkata),SYNTHETIC_TELCO_GATEWAY
CDR_0035,+919886125617,+919825374874,2026-08-27T10:51:06.544273+00:00,214,Synthetic Terminal Node 8 (Pune),SYNTHETIC_TELCO_GATEWAY
CDR_0036,+919866661351,+919822201654,2026-08-27T12:03:06.544273+00:00,238,Synthetic Terminal Node 1 (Mumbai),SYNTHETIC_TELCO_GATEWAY
CDR_0037,+919888461803,+919861642594,2026-08-27T13:22:06.544273+00:00,295,Synthetic Terminal Node 2 (Delhi),SYNTHETIC_TELCO_GATEWAY
CDR_0038,+919828566572,+919866661351,2026-08-27T14:54:06.544273+00:00,531,Synthetic Terminal Node 7 (Kolkata),SYNTHETIC_TELCO_GATEWAY
CDR_0039,+919849392920,+919830514014,2026-08-27T15:26:06.544273+00:00,128,Synthetic Terminal Node 5 (Ahmedabad),SYNTHETIC_TELCO_GATEWAY
CDR_0040,+919885345555,+919870897765,2026-08-27T16:53:06.544273+00:00,49,Synthetic Terminal Node 2 (Delhi),SYNTHETIC_TELCO_GATEWAY
CDR_0041,+919845351479,+919872820592,2026-08-27T18:11:06.544273+00:00,331,Synthetic Terminal Node 7 (Kolkata),SYNTHETIC_TELCO_GATEWAY
CDR_0042,+919845351479,+919896028436,2026-08-27T19:08:06.544273+00:00,404,Synthetic Terminal Node 10 (Delhi),SYNTHETIC_TELCO_GATEWAY
CDR_0043,+919888461803,+919828566572,2026-08-27T20:15:06.544273+00:00,456,Synthetic Terminal Node 1 (Mumbai),SYNTHETIC_TELCO_GATEWAY
CDR_0044,+919896028436,+919849392920,2026-08-27T22:08:06.544273+00:00,211,Synthetic Terminal Node 6 (Chennai),SYNTHETIC_TELCO_GATEWAY
CDR_0045,+919872820592,+919897971488,2026-08-27T23:19:06.544273+00:00,348,Synthetic Terminal Node 10 (Delhi),SYNTHETIC_TELCO_GATEWAY
CDR_0046,+919830514014,+919896282117,2026-08-28T00:08:06.544273+00:00,529,Synthetic Terminal Node 5 (Ahmedabad),SYNTHETIC_TELCO_GATEWAY
CDR_0047,+919872820592,+919830514014,2026-08-28T01:26:06.544273+00:00,312,Synthetic Terminal Node 9 (Mumbai),SYNTHETIC_TELCO_GATEWAY
CDR_0048,+919845551614,+919888461803,2026-08-28T02:39:06.544273+00:00,398,Synthetic Terminal Node 3 (Bengaluru),SYNTHETIC_TELCO_GATEWAY
CDR_0049,+919845351479,+919870897765,2026-08-28T03:44:06.544273+00:00,425,Synthetic Terminal Node 9 (Mumbai),SYNTHETIC_TELCO_GATEWAY
CDR_0050,+919845935572,+919822201654,2026-08-28T04:55:06.544273+00:00,225,Synthetic Terminal Node 7 (Kolkata),SYNTHETIC_TELCO_GATEWAY
CDR_0051,+919870897765,+919845351479,2026-08-28T06:30:06.544273+00:00,339,Synthetic Terminal Node 8 (Pune),SYNTHETIC_TELCO_GATEWAY
CDR_0053,+919888461803,+919896028436,2026-08-28T08:43:06.544273+00:00,183,Synthetic Terminal Node 2 (Delhi),SYNTHETIC_TELCO_GATEWAY
CDR_0054,+919822201654,+919896028436,2026-08-28T10:07:06.544273+00:00,353,Synthetic Terminal Node 2 (Delhi),SYNTHETIC_TELCO_GATEWAY
CDR_0055,+919863606628,+919822201654,2026-08-28T10:51:06.544273+00:00,213,Synthetic Terminal Node 3 (Bengaluru),SYNTHETIC_TELCO_GATEWAY
CDR_0056,+919845935572,+919886125617,2026-08-28T12:04:06.544273+00:00,496,Synthetic Terminal Node 10 (Delhi),SYNTHETIC_TELCO_GATEWAY
CDR_0057,+919897971488,+919884252722,2026-08-28T13:27:06.544273+00:00,599,Synthetic Terminal Node 4 (Hyderabad),SYNTHETIC_TELCO_GATEWAY
CDR_0058,+919861642594,+919825374874,2026-08-28T14:38:06.544273+00:00,259,Synthetic Terminal Node 3 (Bengaluru),SYNTHETIC_TELCO_GATEWAY
CDR_0059,+919845935572,+919896282117,2026-08-28T15:52:06.544273+00:00,234,Synthetic Terminal Node 3 (Bengaluru),SYNTHETIC_TELCO_GATEWAY
CDR_0060,+919896028436,+919884252722,2026-08-28T16:40:06.544273+00:00,580,Synthetic Terminal Node 4 (Hyderabad),SYNTHETIC_TELCO_GATEWAY
CDR_0061,+919896282117,+919884252722,2026-08-28T17:57:06.544273+00:00,485,Synthetic Terminal Node 9 (Mumbai),SYNTHETIC_TELCO_GATEWAY
CDR_0062,+919849392920,+919845351479,2026-08-28T19:21:06.544273+00:00,463,Synthetic Terminal Node 10 (Delhi),SYNTHETIC_TELCO_GATEWAY
CDR_0063,+919896028436,+919872820592,2026-08-28T20:48:06.544273+00:00,466,Synthetic Terminal Node 3 (Bengaluru),SYNTHETIC_TELCO_GATEWAY
CDR_0064,+919825374874,+919884252722,2026-08-28T21:41:06.544273+00:00,263,Synthetic Terminal Node 5 (Ahmedabad),SYNTHETIC_TELCO_GATEWAY
CDR_0065,+919896028436,+919825374874,2026-08-28T23:17:06.544273+00:00,254,Synthetic Terminal Node 5 (Ahmedabad),SYNTHETIC_TELCO_GATEWAY
CDR_0066,+919884252722,+919897971488,2026-08-29T00:07:06.544273+00:00,250,Synthetic Terminal Node 5 (Ahmedabad),SYNTHETIC_TELCO_GATEWAY
CDR_0068,+919849392920,+919897971488,2026-08-29T02:21:06.544273+00:00,164,Synthetic Terminal Node 4 (Hyderabad),SYNTHETIC_TELCO_GATEWAY
CDR_0069,+919861642594,+919845551614,2026-08-29T03:38:06.544273+00:00,75,Synthetic Terminal Node 7 (Kolkata),SYNTHETIC_TELCO_GATEWAY
CDR_0070,+919872820592,+919830514014,2026-08-29T05:11:06.544273+00:00,487,Synthetic Terminal Node 7 (Kolkata),SYNTHETIC_TELCO_GATEWAY
CDR_0071,+919886125617,+919888461803,2026-08-29T06:15:06.544273+00:00,408,Synthetic Terminal Node 10 (Delhi),SYNTHETIC_TELCO_GATEWAY
CDR_0072,+919845935572,+919870897765,2026-08-29T07:25:06.544273+00:00,498,Synthetic Terminal Node 1 (Mumbai),SYNTHETIC_TELCO_GATEWAY
CDR_0073,+919866661351,+919822201654,2026-08-29T08:37:06.544273+00:00,439,Synthetic Terminal Node 9 (Mumbai),SYNTHETIC_TELCO_GATEWAY
CDR_0074,+919849392920,+919845351479,2026-08-29T09:39:06.544273+00:00,509,Synthetic Terminal Node 4 (Hyderabad),SYNTHETIC_TELCO_GATEWAY
CDR_0075,+919828566572,+919872820592,2026-08-29T11:08:06.544273+00:00,39,Synthetic Terminal Node 7 (Kolkata),SYNTHETIC_TELCO_GATEWAY
CDR_0076,+919830514014,+919861642594,2026-08-29T11:59:06.544273+00:00,488,Synthetic Terminal Node 3 (Bengaluru),SYNTHETIC_TELCO_GATEWAY
CDR_0077,+919845351479,+919849392920,2026-08-29T13:02:06.544273+00:00,413,Synthetic Terminal Node 10 (Delhi),SYNTHETIC_TELCO_GATEWAY
CDR_0078,+919870897765,+919845935572,2026-08-29T14:18:06.544273+00:00,448,Synthetic Terminal Node 3 (Bengaluru),SYNTHETIC_TELCO_GATEWAY
CDR_0079,+919884252722,+919885345555,2026-08-29T15:28:06.544273+00:00,276,Synthetic Terminal Node 7 (Kolkata),SYNTHETIC_TELCO_GATEWAY
CDR_0080,+919830514014,+919888461803,2026-08-29T17:06:06.544273+00:00,344,Synthetic Terminal Node 6 (Chennai),SYNTHETIC_TELCO_GATEWAY
CDR_0081,+919861642594,+919828566572,2026-08-29T18:15:06.544273+00:00,268,Synthetic Terminal Node 2 (Delhi),SYNTHETIC_TELCO_GATEWAY
CDR_0082,+919825374874,+919845935572,2026-08-29T19:35:06.544273+00:00,63,Synthetic Terminal Node 6 (Chennai),SYNTHETIC_TELCO_GATEWAY
CDR_0083,+919863606628,+919897971488,2026-08-29T20:54:06.544273+00:00,51,Synthetic Terminal Node 1 (Mumbai),SYNTHETIC_TELCO_GATEWAY
CDR_0084,+919863606628,+919888461803,2026-08-29T21:26:06.544273+00:00,166,Synthetic Terminal Node 4 (Hyderabad),SYNTHETIC_TELCO_GATEWAY
CDR_0085,+919845551614,+919825374874,2026-08-29T23:19:06.544273+00:00,127,Synthetic Terminal Node 10 (Delhi),SYNTHETIC_TELCO_GATEWAY
CDR_0086,+919888461803,+919884252722,2026-08-30T00:33:06.544273+00:00,272,Synthetic Terminal Node 6 (Chennai),SYNTHETIC_TELCO_GATEWAY
CDR_0087,+919885345555,+919845351479,2026-08-30T01:39:06.544273+00:00,127,Synthetic Terminal Node 3 (Bengaluru),SYNTHETIC_TELCO_GATEWAY
CDR_0088,+919822201654,+919896282117,2026-08-30T02:50:06.544273+00:00,36,Synthetic Terminal Node 5 (Ahmedabad),SYNTHETIC_TELCO_GATEWAY
CDR_0089,+919870897765,+919861642594,2026-08-30T03:50:06.544273+00:00,213,Synthetic Terminal Node 2 (Delhi),SYNTHETIC_TELCO_GATEWAY
CDR_0090,+919870897765,+919863606628,2026-08-30T04:43:06.544273+00:00,318,Synthetic Terminal Node 10 (Delhi),SYNTHETIC_TELCO_GATEWAY
CDR_0091,+919896282117,+919870897765,2026-08-30T05:51:06.544273+00:00,365,Synthetic Terminal Node 9 (Mumbai),SYNTHETIC_TELCO_GATEWAY
CDR_0092,+919872820592,+919866661351,2026-08-30T07:05:06.544273+00:00,528,Synthetic Terminal Node 6 (Chennai),SYNTHETIC_TELCO_GATEWAY
CDR_0093,+919845935572,+919872820592,2026-08-30T08:44:06.544273+00:00,118,Synthetic Terminal Node 7 (Kolkata),SYNTHETIC_TELCO_GATEWAY
CDR_0094,+919866661351,+919884252722,2026-08-30T09:34:06.544273+00:00,455,Synthetic Terminal Node 3 (Bengaluru),SYNTHETIC_TELCO_GATEWAY
CDR_0095,+919896028436,+919828566572,2026-08-30T11:16:06.544273+00:00,561,Synthetic Terminal Node 8 (Pune),SYNTHETIC_TELCO_GATEWAY
CDR_0096,+919884252722,+919872820592,2026-08-30T12:26:06.544273+00:00,284,Synthetic Terminal Node 6 (Chennai),SYNTHETIC_TELCO_GATEWAY
CDR_0097,+919863606628,+919897971488,2026-08-30T13:18:06.544273+00:00,471,Synthetic Terminal Node 4 (Hyderabad),SYNTHETIC_TELCO_GATEWAY
CDR_0098,+919884252722,+919870897765,2026-08-30T14:52:06.544273+00:00,398,Synthetic Terminal Node 6 (Chennai),SYNTHETIC_TELCO_GATEWAY
CDR_0099,+919845935572,+919825374874,2026-08-30T15:45:06.544273+00:00,196,Synthetic Terminal Node 8 (Pune),SYNTHETIC_TELCO_GATEWAY
CDR_0100,+919888461803,+919866661351,2026-08-30T16:53:06.544273+00:00,358,Synthetic Terminal Node 5 (Ahmedabad),SYNTHETIC_TELCO_GATEWAY
CDR_0101,+919845351479,+919828566572,2026-08-30T18:24:06.544273+00:00,20,Synthetic Terminal Node 9 (Mumbai),SYNTHETIC_TELCO_GATEWAY
CDR_0102,+919888461803,+919897971488,2026-08-30T19:16:06.544273+00:00,426,Synthetic Terminal Node 8 (Pune),SYNTHETIC_TELCO_GATEWAY
CDR_0103,+919849392920,+919863606628,2026-08-30T20:57:06.544273+00:00,497,Synthetic Terminal Node 8 (Pune),SYNTHETIC_TELCO_GATEWAY
CDR_0104,+919884252722,+919845935572,2026-08-30T21:30:06.544273+00:00,311,Synthetic Terminal Node 4 (Hyderabad),SYNTHETIC_TELCO_GATEWAY
CDR_0105,+919861642594,+919863606628,2026-08-30T22:56:06.544273+00:00,387,Synthetic Terminal Node 8 (Pune),SYNTHETIC_TELCO_GATEWAY
CDR_0106,+919849392920,+919896028436,2026-08-31T00:11:06.544273+00:00,445,Synthetic Terminal Node 9 (Mumbai),SYNTHETIC_TELCO_GATEWAY
CDR_0107,+919830514014,+919866661351,2026-08-31T01:45:06.544273+00:00,474,Synthetic Terminal Node 5 (Ahmedabad),SYNTHETIC_TELCO_GATEWAY
CDR_0108,+919822201654,+919828566572,2026-08-31T02:27:06.544273+00:00,133,Synthetic Terminal Node 4 (Hyderabad),SYNTHETIC_TELCO_GATEWAY
CDR_0109,+919830514014,+919896282117,2026-08-31T03:59:06.544273+00:00,199,Synthetic Terminal Node 4 (Hyderabad),SYNTHETIC_TELCO_GATEWAY
CDR_0110,+919888461803,+919825374874,2026-08-31T04:54:06.544273+00:00,547,Synthetic Terminal Node 10 (Delhi),SYNTHETIC_TELCO_GATEWAY
CDR_0111,+919822201654,+919896282117,2026-08-31T06:01:06.544273+00:00,313,Synthetic Terminal Node 4 (Hyderabad),SYNTHETIC_TELCO_GATEWAY
CDR_0112,+919866661351,+919885345555,2026-08-31T07:20:06.544273+00:00,24,Synthetic Terminal Node 9 (Mumbai),SYNTHETIC_TELCO_GATEWAY
CDR_0113,+919845551614,+919828566572,2026-08-31T08:15:06.544273+00:00,65,Synthetic Terminal Node 9 (Mumbai),SYNTHETIC_TELCO_GATEWAY
CDR_0114,+919822201654,+919845551614,2026-08-31T10:05:06.544273+00:00,512,Synthetic Terminal Node 2 (Delhi),SYNTHETIC_TELCO_GATEWAY
CDR_0115,+919845935572,+919870897765,2026-08-31T10:55:06.544273+00:00,490,Synthetic Terminal Node 8 (Pune),SYNTHETIC_TELCO_GATEWAY
CDR_0116,+919884252722,+919830514014,2026-08-31T12:00:06.544273+00:00,62,Synthetic Terminal Node 5 (Ahmedabad),SYNTHETIC_TELCO_GATEWAY
CDR_0117,+919825374874,+919896282117,2026-08-31T13:05:06.544273+00:00,420,Synthetic Terminal Node 8 (Pune),SYNTHETIC_TELCO_GATEWAY
CDR_0118,+919897971488,+919870897765,2026-08-31T14:53:06.544273+00:00,64,Synthetic Terminal Node 3 (Bengaluru),SYNTHETIC_TELCO_GATEWAY
CDR_0119,+919845551614,+919870897765,2026-08-31T15:44:06.544273+00:00,97,Synthetic Terminal Node 4 (Hyderabad),SYNTHETIC_TELCO_GATEWAY
CDR_0120,+919896282117,+919849392920,2026-08-31T17:03:06.544273+00:00,241,Synthetic Terminal Node 9 (Mumbai),SYNTHETIC_TELCO_GATEWAY
CDR_0121,+919861642594,+919884252722,2026-08-31T18:17:06.544273+00:00,314,Synthetic Terminal Node 10 (Delhi),SYNTHETIC_TELCO_GATEWAY
CDR_0122,+919872820592,+919822201654,2026-08-31T19:37:06.544273+00:00,71,Synthetic Terminal Node 10 (Delhi),SYNTHETIC_TELCO_GATEWAY
CDR_0123,+919896282117,+919888461803,2026-08-31T20:53:06.544273+00:00,226,Synthetic Terminal Node 5 (Ahmedabad),SYNTHETIC_TELCO_GATEWAY
CDR_0124,+919897971488,+919885345555,2026-08-31T21:40:06.544273+00:00,187,Synthetic Terminal Node 9 (Mumbai),SYNTHETIC_TELCO_GATEWAY
CDR_0125,+919897971488,+919885345555,2026-08-31T22:37:06.544273+00:00,428,Synthetic Terminal Node 8 (Pune),SYNTHETIC_TELCO_GATEWAY
CDR_0126,+919845351479,+919825374874,2026-09-01T00:07:06.544273+00:00,43,Synthetic Terminal Node 4 (Hyderabad),SYNTHETIC_TELCO_GATEWAY
CDR_0128,+919884252722,+919897971488,2026-09-01T02:56:06.544273+00:00,249,Synthetic Terminal Node 5 (Ahmedabad),SYNTHETIC_TELCO_GATEWAY
CDR_0129,+919870897765,+919888461803,2026-09-01T03:52:06.544273+00:00,127,Synthetic Terminal Node 9 (Mumbai),SYNTHETIC_TELCO_GATEWAY
CDR_0130,+919863606628,+919845551614,2026-09-01T04:54:06.544273+00:00,155,Synthetic Terminal Node 2 (Delhi),SYNTHETIC_TELCO_GATEWAY
CDR_0131,+919886125617,+919885345555,2026-09-01T06:08:06.544273+00:00,592,Synthetic Terminal Node 5 (Ahmedabad),SYNTHETIC_TELCO_GATEWAY
CDR_0132,+919884252722,+919896282117,2026-09-01T07:30:06.544273+00:00,321,Synthetic Terminal Node 7 (Kolkata),SYNTHETIC_TELCO_GATEWAY
CDR_0133,+919828566572,+919896028436,2026-09-01T08:47:06.544273+00:00,515,Synthetic Terminal Node 8 (Pune),SYNTHETIC_TELCO_GATEWAY
CDR_0134,+919897971488,+919845351479,2026-09-01T09:27:06.544273+00:00,452,Synthetic Terminal Node 6 (Chennai),SYNTHETIC_TELCO_GATEWAY
CDR_0135,+919845351479,+919828566572,2026-09-01T10:38:06.544273+00:00,103,Synthetic Terminal Node 4 (Hyderabad),SYNTHETIC_TELCO_GATEWAY
CDR_0137,+919845935572,+919828566572,2026-09-01T13:37:06.544273+00:00,51,Synthetic Terminal Node 3 (Bengaluru),SYNTHETIC_TELCO_GATEWAY
CDR_0138,+919825374874,+919896028436,2026-09-01T14:54:06.544273+00:00,462,Synthetic Terminal Node 5 (Ahmedabad),SYNTHETIC_TELCO_GATEWAY
CDR_0139,+919885345555,+919870897765,2026-09-01T15:52:06.544273+00:00,513,Synthetic Terminal Node 2 (Delhi),SYNTHETIC_TELCO_GATEWAY
CDR_0140,+919825374874,+919866661351,2026-09-01T17:03:06.544273+00:00,351,Synthetic Terminal Node 6 (Chennai),SYNTHETIC_TELCO_GATEWAY
CDR_0141,+919896282117,+919885345555,2026-09-01T18:10:06.544273+00:00,431,Synthetic Terminal Node 8 (Pune),SYNTHETIC_TELCO_GATEWAY
CDR_0142,+919822201654,+919861642594,2026-09-01T19:36:06.544273+00:00,47,Synthetic Terminal Node 8 (Pune),SYNTHETIC_TELCO_GATEWAY
CDR_0143,+919897971488,+919830514014,2026-09-01T20:29:06.544273+00:00,341,Synthetic Terminal Node 2 (Delhi),SYNTHETIC_TELCO_GATEWAY
CDR_0144,+919861642594,+919896028436,2026-09-01T21:25:06.544273+00:00,565,Synthetic Terminal Node 8 (Pune),SYNTHETIC_TELCO_GATEWAY
CDR_0145,+919872820592,+919886125617,2026-09-01T22:49:06.544273+00:00,540,Synthetic Terminal Node 6 (Chennai),SYNTHETIC_TELCO_GATEWAY
CDR_0146,+919845351479,+919825374874,2026-09-02T00:29:06.544273+00:00,462,Synthetic Terminal Node 1 (Mumbai),SYNTHETIC_TELCO_GATEWAY
CDR_0147,+919888461803,+919828566572,2026-09-02T01:36:06.544273+00:00,144,Synthetic Terminal Node 5 (Ahmedabad),SYNTHETIC_TELCO_GATEWAY
CDR_0148,+919884252722,+919825374874,2026-09-02T02:20:06.544273+00:00,39,Synthetic Terminal Node 10 (Delhi),SYNTHETIC_TELCO_GATEWAY
CDR_0149,+919863606628,+919885345555,2026-09-02T03:44:06.544273+00:00,574,Synthetic Terminal Node 1 (Mumbai),SYNTHETIC_TELCO_GATEWAY
CDR_0150,+919849392920,+919872820592,2026-09-02T04:42:06.544273+00:00,240,Synthetic Terminal Node 2 (Delhi),SYNTHETIC_TELCO_GATEWAY
CDR_0151,+919884252722,+919896282117,2026-09-02T06:30:06.544273+00:00,167,Synthetic Terminal Node 8 (Pune),SYNTHETIC_TELCO_GATEWAY
CDR_0152,+919822201654,+919896028436,2026-09-02T07:18:06.544273+00:00,435,Synthetic Terminal Node 8 (Pune),SYNTHETIC_TELCO_GATEWAY
CDR_0153,+919825374874,+919863606628,2026-09-02T08:42:06.544273+00:00,574,Synthetic Terminal Node 3 (Bengaluru),SYNTHETIC_TELCO_GATEWAY
CDR_0154,+919861642594,+919888461803,2026-09-02T10:03:06.544273+00:00,530,Synthetic Terminal Node 3 (Bengaluru),SYNTHETIC_TELCO_GATEWAY
CDR_0155,+919897971488,+919828566572,2026-09-02T11:03:06.544273+00:00,358,Synthetic Terminal Node 9 (Mumbai),SYNTHETIC_TELCO_GATEWAY
CDR_0156,+919828566572,+919845935572,2026-09-02T12:07:06.544273+00:00,315,Synthetic Terminal Node 10 (Delhi),SYNTHETIC_TELCO_GATEWAY
CDR_0157,+919870897765,+919825374874,2026-09-02T13:10:06.544273+00:00,467,Synthetic Terminal Node 9 (Mumbai),SYNTHETIC_TELCO_GATEWAY
CDR_0158,+919825374874,+919866661351,2026-09-02T14:34:06.544273+00:00,575,Synthetic Terminal Node 9 (Mumbai),SYNTHETIC_TELCO_GATEWAY
CDR_0159,+919861642594,+919884252722,2026-09-02T15:45:06.544273+00:00,203,Synthetic Terminal Node 4 (Hyderabad),SYNTHETIC_TELCO_GATEWAY
CDR_0160,+919870897765,+919861642594,2026-09-02T16:51:06.544273+00:00,430,Synthetic Terminal Node 1 (Mumbai),SYNTHETIC_TELCO_GATEWAY
CDR_0161,+919830514014,+919825374874,2026-09-02T18:13:06.544273+00:00,405,Synthetic Terminal Node 3 (Bengaluru),SYNTHETIC_TELCO_GATEWAY
CDR_0162,+919825374874,+919886125617,2026-09-02T19:09:06.544273+00:00,524,Synthetic Terminal Node 10 (Delhi),SYNTHETIC_TELCO_GATEWAY
CDR_0163,+919830514014,+919896282117,2026-09-02T20:41:06.544273+00:00,112,Synthetic Terminal Node 9 (Mumbai),SYNTHETIC_TELCO_GATEWAY
CDR_0164,+919884252722,+919845935572,2026-09-02T21:34:06.544273+00:00,429,Synthetic Terminal Node 3 (Bengaluru),SYNTHETIC_TELCO_GATEWAY
CDR_0165,+919897971488,+919825374874,2026-09-02T22:53:06.544273+00:00,356,Synthetic Terminal Node 10 (Delhi),SYNTHETIC_TELCO_GATEWAY
CDR_0166,+919861642594,+919897971488,2026-09-03T00:10:06.544273+00:00,556,Synthetic Terminal Node 7 (Kolkata),SYNTHETIC_TELCO_GATEWAY
CDR_0167,+919830514014,+919825374874,2026-09-03T01:35:06.544273+00:00,46,Synthetic Terminal Node 10 (Delhi),SYNTHETIC_TELCO_GATEWAY
CDR_0168,+919897971488,+919863606628,2026-09-03T02:53:06.544273+00:00,304,Synthetic Terminal Node 4 (Hyderabad),SYNTHETIC_TELCO_GATEWAY
CDR_0169,+919897971488,+919872820592,2026-09-03T03:31:06.544273+00:00,112,Synthetic Terminal Node 8 (Pune),SYNTHETIC_TELCO_GATEWAY
CDR_0170,+919885345555,+919822201654,2026-09-03T04:38:06.544273+00:00,57,Synthetic Terminal Node 6 (Chennai),SYNTHETIC_TELCO_GATEWAY
CDR_0171,+919886125617,+919822201654,2026-09-03T06:11:06.544273+00:00,393,Synthetic Terminal Node 7 (Kolkata),SYNTHETIC_TELCO_GATEWAY
CDR_0172,+919845551614,+919863606628,2026-09-03T07:34:06.544273+00:00,431,Synthetic Terminal Node 10 (Delhi),SYNTHETIC_TELCO_GATEWAY
CDR_0174,+919885345555,+919897971488,2026-09-03T10:04:06.544273+00:00,401,Synthetic Terminal Node 10 (Delhi),SYNTHETIC_TELCO_GATEWAY
CDR_0175,+919863606628,+919825374874,2026-09-03T11:14:06.544273+00:00,156,Synthetic Terminal Node 4 (Hyderabad),SYNTHETIC_TELCO_GATEWAY
CDR_0176,+919884252722,+919828566572,2026-09-03T12:18:06.544273+00:00,271,Synthetic Terminal Node 1 (Mumbai),SYNTHETIC_TELCO_GATEWAY
CDR_0177,+919884252722,+919822201654,2026-09-03T13:44:06.544273+00:00,569,Synthetic Terminal Node 3 (Bengaluru),SYNTHETIC_TELCO_GATEWAY
CDR_0178,+919897971488,+919884252722,2026-09-03T14:35:06.544273+00:00,316,Synthetic Terminal Node 7 (Kolkata),SYNTHETIC_TELCO_GATEWAY
CDR_0179,+919828566572,+919884252722,2026-09-03T15:44:06.544273+00:00,213,Synthetic Terminal Node 7 (Kolkata),SYNTHETIC_TELCO_GATEWAY
CDR_0180,+919825374874,+919896282117,2026-09-03T16:52:06.544273+00:00,400,Synthetic Terminal Node 10 (Delhi),SYNTHETIC_TELCO_GATEWAY
CDR_0181,+919866661351,+919870897765,2026-09-03T18:07:06.544273+00:00,312,Synthetic Terminal Node 1 (Mumbai),SYNTHETIC_TELCO_GATEWAY
CDR_0182,+919861642594,+919828566572,2026-09-03T19:01:06.544273+00:00,589,Synthetic Terminal Node 1 (Mumbai),SYNTHETIC_TELCO_GATEWAY
CDR_0183,+919845351479,+919825374874,2026-09-03T20:31:06.544273+00:00,245,Synthetic Terminal Node 10 (Delhi),SYNTHETIC_TELCO_GATEWAY
CDR_0184,+919866661351,+919863606628,2026-09-03T22:05:06.544273+00:00,204,Synthetic Terminal Node 10 (Delhi),SYNTHETIC_TELCO_GATEWAY
CDR_0185,+919828566572,+919845551614,2026-09-03T23:17:06.544273+00:00,109,Synthetic Terminal Node 1 (Mumbai),SYNTHETIC_TELCO_GATEWAY
CDR_0186,+919822201654,+919884252722,2026-09-03T23:51:06.544273+00:00,383,Synthetic Terminal Node 3 (Bengaluru),SYNTHETIC_TELCO_GATEWAY
CDR_0187,+919897971488,+919822201654,2026-09-04T01:21:06.544273+00:00,435,Synthetic Terminal Node 3 (Bengaluru),SYNTHETIC_TELCO_GATEWAY
CDR_0188,+919888461803,+919845551614,2026-09-04T02:47:06.544273+00:00,384,Synthetic Terminal Node 9 (Mumbai),SYNTHETIC_TELCO_GATEWAY
CDR_0189,+919896028436,+919828566572,2026-09-04T03:35:06.544273+00:00,273,Synthetic Terminal Node 8 (Pune),SYNTHETIC_TELCO_GATEWAY
CDR_0190,+919822201654,+919830514014,2026-09-04T04:44:06.544273+00:00,489,Synthetic Terminal Node 2 (Delhi),SYNTHETIC_TELCO_GATEWAY
CDR_0191,+919845551614,+919863606628,2026-09-04T06:32:06.544273+00:00,416,Synthetic Terminal Node 9 (Mumbai),SYNTHETIC_TELCO_GATEWAY
CDR_0192,+919866661351,+919897971488,2026-09-04T07:26:06.544273+00:00,24,Synthetic Terminal Node 5 (Ahmedabad),SYNTHETIC_TELCO_GATEWAY
CDR_0193,+919849392920,+919896282117,2026-09-04T08:42:06.544273+00:00,387,Synthetic Terminal Node 5 (Ahmedabad),SYNTHETIC_TELCO_GATEWAY
CDR_0194,+919870897765,+919861642594,2026-09-04T10:05:06.544273+00:00,390,Synthetic Terminal Node 2 (Delhi),SYNTHETIC_TELCO_GATEWAY
CDR_0195,+919863606628,+919825374874,2026-09-04T10:38:06.544273+00:00,584,Synthetic Terminal Node 6 (Chennai),SYNTHETIC_TELCO_GATEWAY
CDR_0196,+919845351479,+919863606628,2026-09-04T12:30:06.544273+00:00,74,Synthetic Terminal Node 8 (Pune),SYNTHETIC_TELCO_GATEWAY
CDR_0197,+919822201654,+919872820592,2026-09-04T13:08:06.544273+00:00,153,Synthetic Terminal Node 1 (Mumbai),SYNTHETIC_TELCO_GATEWAY
CDR_0198,+919886125617,+919822201654,2026-09-04T14:44:06.544273+00:00,128,Synthetic Terminal Node 2 (Delhi),SYNTHETIC_TELCO_GATEWAY
CDR_0199,+919863606628,+919849392920,2026-09-04T15:33:06.544273+00:00,407,Synthetic Terminal Node 8 (Pune),SYNTHETIC_TELCO_GATEWAY
CDR_0200,+919866661351,+919849392920,2026-09-04T17:03:06.544273+00:00,168,Synthetic Terminal Node 7 (Kolkata),SYNTHETIC_TELCO_GATEWAY
CDR_0201,+919896282117,+919825374874,2026-09-04T18:28:06.544273+00:00,427,Synthetic Terminal Node 5 (Ahmedabad),SYNTHETIC_TELCO_GATEWAY
CDR_0202,+919886125617,+919866661351,2026-09-04T19:14:06.544273+00:00,464,Synthetic Terminal Node 8 (Pune),SYNTHETIC_TELCO_GATEWAY
CDR_0203,+919863606628,+919866661351,2026-09-04T20:19:06.544273+00:00,386,Synthetic Terminal Node 9 (Mumbai),SYNTHETIC_TELCO_GATEWAY
CDR_0204,+919866661351,+919886125617,2026-09-04T21:50:06.544273+00:00,292,Synthetic Terminal Node 4 (Hyderabad),SYNTHETIC_TELCO_GATEWAY
CDR_0205,+919896282117,+919884252722,2026-09-04T22:42:06.544273+00:00,227,Synthetic Terminal Node 10 (Delhi),SYNTHETIC_TELCO_GATEWAY
CDR_0206,+919845935572,+919886125617,2026-09-05T00:10:06.544273+00:00,259,Synthetic Terminal Node 3 (Bengaluru),SYNTHETIC_TELCO_GATEWAY
CDR_0207,+919870897765,+919888461803,2026-09-05T01:05:06.544273+00:00,577,Synthetic Terminal Node 4 (Hyderabad),SYNTHETIC_TELCO_GATEWAY
CDR_0208,+919870897765,+919888461803,2026-09-05T02:27:06.544273+00:00,346,Synthetic Terminal Node 3 (Bengaluru),SYNTHETIC_TELCO_GATEWAY
CDR_0209,+919845351479,+919845935572,2026-09-05T03:42:06.544273+00:00,158,Synthetic Terminal Node 3 (Bengaluru),SYNTHETIC_TELCO_GATEWAY
CDR_0210,+919849392920,+919828566572,2026-09-05T04:48:06.544273+00:00,122,Synthetic Terminal Node 1 (Mumbai),SYNTHETIC_TELCO_GATEWAY
CDR_0211,+919845551614,+919845935572,2026-09-05T06:11:06.544273+00:00,253,Synthetic Terminal Node 10 (Delhi),SYNTHETIC_TELCO_GATEWAY
CDR_0212,+919830514014,+919845935572,2026-09-05T07:12:06.544273+00:00,281,Synthetic Terminal Node 1 (Mumbai),SYNTHETIC_TELCO_GATEWAY
CDR_0213,+919845551614,+919872820592,2026-09-05T08:46:06.544273+00:00,126,Synthetic Terminal Node 2 (Delhi),SYNTHETIC_TELCO_GATEWAY
CDR_0214,+919825374874,+919884252722,2026-09-05T09:48:06.544273+00:00,535,Synthetic Terminal Node 10 (Delhi),SYNTHETIC_TELCO_GATEWAY
CDR_0215,+919896282117,+919884252722,2026-09-05T11:09:06.544273+00:00,236,Synthetic Terminal Node 10 (Delhi),SYNTHETIC_TELCO_GATEWAY
CDR_0216,+919886125617,+919896028436,2026-09-05T12:08:06.544273+00:00,479,Synthetic Terminal Node 1 (Mumbai),SYNTHETIC_TELCO_GATEWAY
CDR_0217,+919886125617,+919825374874,2026-09-05T13:26:06.544273+00:00,446,Synthetic Terminal Node 2 (Delhi),SYNTHETIC_TELCO_GATEWAY
CDR_0218,+919825374874,+919884252722,2026-09-05T14:17:06.544273+00:00,92,Synthetic Terminal Node 6 (Chennai),SYNTHETIC_TELCO_GATEWAY
CDR_0219,+919845351479,+919845551614,2026-09-05T15:29:06.544273+00:00,139,Synthetic Terminal Node 5 (Ahmedabad),SYNTHETIC_TELCO_GATEWAY
CDR_0220,+919845351479,+919870897765,2026-09-05T17:12:06.544273+00:00,342,Synthetic Terminal Node 7 (Kolkata),SYNTHETIC_TELCO_GATEWAY
CDR_0221,+919845351479,+919896028436,2026-09-05T18:07:06.544273+00:00,474,Synthetic Terminal Node 9 (Mumbai),SYNTHETIC_TELCO_GATEWAY
CDR_0222,+919845351479,+919872820592,2026-09-05T19:07:06.544273+00:00,127,Synthetic Terminal Node 9 (Mumbai),SYNTHETIC_TELCO_GATEWAY
CDR_0223,+919888461803,+919872820592,2026-09-05T20:41:06.544273+00:00,243,Synthetic Terminal Node 7 (Kolkata),SYNTHETIC_TELCO_GATEWAY
CDR_0224,+919830514014,+919884252722,2026-09-05T21:50:06.544273+00:00,435,Synthetic Terminal Node 2 (Delhi),SYNTHETIC_TELCO_GATEWAY
CDR_0225,+919830514014,+919872820592,2026-09-05T22:57:06.544273+00:00,271,Synthetic Terminal Node 6 (Chennai),SYNTHETIC_TELCO_GATEWAY
CDR_0226,+919845551614,+919825374874,2026-09-05T23:53:06.544273+00:00,103,Synthetic Terminal Node 2 (Delhi),SYNTHETIC_TELCO_GATEWAY
CDR_0227,+919897971488,+919872820592,2026-09-06T01:07:06.544273+00:00,391,Synthetic Terminal Node 3 (Bengaluru),SYNTHETIC_TELCO_GATEWAY
CDR_0228,+919849392920,+919886125617,2026-09-06T02:50:06.544273+00:00,585,Synthetic Terminal Node 9 (Mumbai),SYNTHETIC_TELCO_GATEWAY
CDR_0229,+919830514014,+919896282117,2026-09-06T03:51:06.544273+00:00,372,Synthetic Terminal Node 7 (Kolkata),SYNTHETIC_TELCO_GATEWAY
CDR_0230,+919886125617,+919822201654,2026-09-06T05:15:06.544273+00:00,329,Synthetic Terminal Node 6 (Chennai),SYNTHETIC_TELCO_GATEWAY
CDR_0231,+919896282117,+919870897765,2026-09-06T06:21:06.544273+00:00,227,Synthetic Terminal Node 3 (Bengaluru),SYNTHETIC_TELCO_GATEWAY
CDR_0232,+919825374874,+919863606628,2026-09-06T07:07:06.544273+00:00,368,Synthetic Terminal Node 9 (Mumbai),SYNTHETIC_TELCO_GATEWAY
CDR_0233,+919866661351,+919896282117,2026-09-06T08:30:06.544273+00:00,597,Synthetic Terminal Node 4 (Hyderabad),SYNTHETIC_TELCO_GATEWAY
CDR_0234,+919872820592,+919849392920,2026-09-06T10:04:06.544273+00:00,580,Synthetic Terminal Node 1 (Mumbai),SYNTHETIC_TELCO_GATEWAY
CDR_0235,+919845351479,+919828566572,2026-09-06T10:38:06.544273+00:00,194,Synthetic Terminal Node 5 (Ahmedabad),SYNTHETIC_TELCO_GATEWAY
CDR_0236,+919822201654,+919830514014,2026-09-06T12:11:06.544273+00:00,16,Synthetic Terminal Node 3 (Bengaluru),SYNTHETIC_TELCO_GATEWAY
CDR_0237,+919845551614,+919870897765,2026-09-06T13:43:06.544273+00:00,420,Synthetic Terminal Node 2 (Delhi),SYNTHETIC_TELCO_GATEWAY
CDR_0238,+919845551614,+919845935572,2026-09-06T14:18:06.544273+00:00,553,Synthetic Terminal Node 4 (Hyderabad),SYNTHETIC_TELCO_GATEWAY
CDR_0239,+919861642594,+919872820592,2026-09-06T15:54:06.544273+00:00,359,Synthetic Terminal Node 3 (Bengaluru),SYNTHETIC_TELCO_GATEWAY
CDR_0240,+919866661351,+919822201654,2026-09-06T16:57:06.544273+00:00,591,Synthetic Terminal Node 10 (Delhi),SYNTHETIC_TELCO_GATEWAY
CDR_0241,+919897971488,+919886125617,2026-09-06T17:58:06.544273+00:00,171,Synthetic Terminal Node 10 (Delhi),SYNTHETIC_TELCO_GATEWAY
CDR_0242,+919886125617,+919897971488,2026-09-06T19:18:06.544273+00:00,463,Synthetic Terminal Node 7 (Kolkata),SYNTHETIC_TELCO_GATEWAY
CDR_0243,+919825374874,+919845351479,2026-09-06T20:41:06.544273+00:00,434,Synthetic Terminal Node 5 (Ahmedabad),SYNTHETIC_TELCO_GATEWAY
CDR_0244,+919888461803,+919896028436,2026-09-06T21:32:06.544273+00:00,363,Synthetic Terminal Node 7 (Kolkata),SYNTHETIC_TELCO_GATEWAY
CDR_0245,+919896282117,+919822201654,2026-09-06T23:20:06.544273+00:00,508,Synthetic Terminal Node 9 (Mumbai),SYNTHETIC_TELCO_GATEWAY
CDR_0246,+919822201654,+919886125617,2026-09-07T00:03:06.544273+00:00,414,Synthetic Terminal Node 10 (Delhi),SYNTHETIC_TELCO_GATEWAY
CDR_0247,+919886125617,+919845935572,2026-09-07T01:14:06.544273+00:00,318,Synthetic Terminal Node 4 (Hyderabad),SYNTHETIC_TELCO_GATEWAY
CDR_0248,+919845551614,+919828566572,2026-09-07T02:31:06.544273+00:00,345,Synthetic Terminal Node 2 (Delhi),SYNTHETIC_TELCO_GATEWAY
CDR_0249,+919845935572,+919825374874,2026-09-07T03:52:06.544273+00:00,189,Synthetic Terminal Node 3 (Bengaluru),SYNTHETIC_TELCO_GATEWAY
CDR_0250,+919861642594,+919849392920,2026-09-07T04:51:06.544273+00:00,522,Synthetic Terminal Node 9 (Mumbai),SYNTHETIC_TELCO_GATEWAY
CDR_0251,+919866661351,+919897971488,2026-09-07T06:14:06.544273+00:00,53,Synthetic Terminal Node 7 (Kolkata),SYNTHETIC_TELCO_GATEWAY
CDR_0252,+919845935572,+919884252722,2026-09-07T07:05:06.544273+00:00,330,Synthetic Terminal Node 10 (Delhi),SYNTHETIC_TELCO_GATEWAY
CDR_0253,+919872820592,+919870897765,2026-09-07T08:38:06.544273+00:00,437,Synthetic Terminal Node 5 (Ahmedabad),SYNTHETIC_TELCO_GATEWAY
CDR_0254,+919896282117,+919861642594,2026-09-07T09:26:06.544273+00:00,342,Synthetic Terminal Node 3 (Bengaluru),SYNTHETIC_TELCO_GATEWAY
CDR_0255,+919845351479,+919884252722,2026-09-07T11:21:06.544273+00:00,380,Synthetic Terminal Node 2 (Delhi),SYNTHETIC_TELCO_GATEWAY
CDR_0256,+919872820592,+919896282117,2026-09-07T12:04:06.544273+00:00,456,Synthetic Terminal Node 10 (Delhi),SYNTHETIC_TELCO_GATEWAY
CDR_0257,+919861642594,+919896028436,2026-09-07T13:06:06.544273+00:00,415,Synthetic Terminal Node 5 (Ahmedabad),SYNTHETIC_TELCO_GATEWAY
CDR_0258,+919830514014,+919863606628,2026-09-07T14:34:06.544273+00:00,182,Synthetic Terminal Node 2 (Delhi),SYNTHETIC_TELCO_GATEWAY
CDR_0259,+919896028436,+919896282117,2026-09-07T15:58:06.544273+00:00,532,Synthetic Terminal Node 4 (Hyderabad),SYNTHETIC_TELCO_GATEWAY
CDR_0261,+919845551614,+919863606628,2026-09-07T17:55:06.544273+00:00,159,Synthetic Terminal Node 5 (Ahmedabad),SYNTHETIC_TELCO_GATEWAY
CDR_0262,+919888461803,+919885345555,2026-09-07T19:39:06.544273+00:00,166,Synthetic Terminal Node 2 (Delhi),SYNTHETIC_TELCO_GATEWAY
CDR_0263,+919885345555,+919825374874,2026-09-07T20:42:06.544273+00:00,587,Synthetic Terminal Node 10 (Delhi),SYNTHETIC_TELCO_GATEWAY
CDR_0264,+919884252722,+919870897765,2026-09-07T22:06:06.544273+00:00,340,Synthetic Terminal Node 6 (Chennai),SYNTHETIC_TELCO_GATEWAY
CDR_0265,+919845551614,+919884252722,2026-09-07T22:41:06.544273+00:00,490,Synthetic Terminal Node 8 (Pune),SYNTHETIC_TELCO_GATEWAY
CDR_0266,+919822201654,+919828566572,2026-09-08T00:26:06.544273+00:00,67,Synthetic Terminal Node 6 (Chennai),SYNTHETIC_TELCO_GATEWAY
CDR_0267,+919896028436,+919897971488,2026-09-08T01:20:06.544273+00:00,482,Synthetic Terminal Node 8 (Pune),SYNTHETIC_TELCO_GATEWAY
CDR_0269,+919866661351,+919822201654,2026-09-08T03:29:06.544273+00:00,102,Synthetic Terminal Node 10 (Delhi),SYNTHETIC_TELCO_GATEWAY
CDR_0270,+919845351479,+919896028436,2026-09-08T05:01:06.544273+00:00,483,Synthetic Terminal Node 10 (Delhi),SYNTHETIC_TELCO_GATEWAY
CDR_0271,+919849392920,+919886125617,2026-09-08T06:17:06.544273+00:00,595,Synthetic Terminal Node 4 (Hyderabad),SYNTHETIC_TELCO_GATEWAY
CDR_0272,+919830514014,+919845351479,2026-09-08T07:31:06.544273+00:00,523,Synthetic Terminal Node 3 (Bengaluru),SYNTHETIC_TELCO_GATEWAY
CDR_0273,+919886125617,+919884252722,2026-09-08T08:19:06.544273+00:00,361,Synthetic Terminal Node 2 (Delhi),SYNTHETIC_TELCO_GATEWAY
CDR_0274,+919896028436,+919885345555,2026-09-08T09:27:06.544273+00:00,263,Synthetic Terminal Node 8 (Pune),SYNTHETIC_TELCO_GATEWAY
CDR_0275,+919884252722,+919896028436,2026-09-08T11:10:06.544273+00:00,172,Synthetic Terminal Node 6 (Chennai),SYNTHETIC_TELCO_GATEWAY
CDR_0276,+919866661351,+919822201654,2026-09-08T12:13:06.544273+00:00,428,Synthetic Terminal Node 6 (Chennai),SYNTHETIC_TELCO_GATEWAY
CDR_0277,+919845351479,+919886125617,2026-09-08T13:41:06.544273+00:00,352,Synthetic Terminal Node 2 (Delhi),SYNTHETIC_TELCO_GATEWAY
CDR_0278,+919830514014,+919896282117,2026-09-08T14:48:06.544273+00:00,405,Synthetic Terminal Node 5 (Ahmedabad),SYNTHETIC_TELCO_GATEWAY
CDR_0279,+919828566572,+919845351479,2026-09-08T15:34:06.544273+00:00,351,Synthetic Terminal Node 2 (Delhi),SYNTHETIC_TELCO_GATEWAY
CDR_0280,+919870897765,+919845551614,2026-09-08T16:59:06.544273+00:00,327,Synthetic Terminal Node 7 (Kolkata),SYNTHETIC_TELCO_GATEWAY
CDR_0281,+919845551614,+919845351479,2026-09-08T17:54:06.544273+00:00,327,Synthetic Terminal Node 9 (Mumbai),SYNTHETIC_TELCO_GATEWAY
CDR_0282,+919861642594,+919830514014,2026-09-08T19:09:06.544273+00:00,549,Synthetic Terminal Node 2 (Delhi),SYNTHETIC_TELCO_GATEWAY
CDR_0283,+919872820592,+919896028436,2026-09-08T20:36:06.544273+00:00,28,Synthetic Terminal Node 6 (Chennai),SYNTHETIC_TELCO_GATEWAY
CDR_0284,+919822201654,+919885345555,2026-09-08T21:38:06.544273+00:00,359,Synthetic Terminal Node 8 (Pune),SYNTHETIC_TELCO_GATEWAY
CDR_0285,+919888461803,+919863606628,2026-09-08T22:45:06.544273+00:00,168,Synthetic Terminal Node 2 (Delhi),SYNTHETIC_TELCO_GATEWAY
CDR_0286,+919822201654,+919896282117,2026-09-09T00:21:06.544273+00:00,562,Synthetic Terminal Node 9 (Mumbai),SYNTHETIC_TELCO_GATEWAY
CDR_0287,+919886125617,+919830514014,2026-09-09T01:40:06.544273+00:00,144,Synthetic Terminal Node 10 (Delhi),SYNTHETIC_TELCO_GATEWAY
CDR_0288,+919861642594,+919845551614,2026-09-09T02:23:06.544273+00:00,195,Synthetic Terminal Node 10 (Delhi),SYNTHETIC_TELCO_GATEWAY
CDR_0289,+919885345555,+919884252722,2026-09-09T03:27:06.544273+00:00,430,Synthetic Terminal Node 6 (Chennai),SYNTHETIC_TELCO_GATEWAY
CDR_0290,+919863606628,+919884252722,2026-09-09T05:16:06.544273+00:00,301,Synthetic Terminal Node 8 (Pune),SYNTHETIC_TELCO_GATEWAY
CDR_0291,+919863606628,+919849392920,2026-09-09T06:04:06.544273+00:00,326,Synthetic Terminal Node 8 (Pune),SYNTHETIC_TELCO_GATEWAY
CDR_0292,+919888461803,+919866661351,2026-09-09T07:44:06.544273+00:00,594,Synthetic Terminal Node 8 (Pune),SYNTHETIC_TELCO_GATEWAY
CDR_0293,+919884252722,+919822201654,2026-09-09T08:37:06.544273+00:00,524,Synthetic Terminal Node 9 (Mumbai),SYNTHETIC_TELCO_GATEWAY
CDR_0294,+919872820592,+919885345555,2026-09-09T09:37:06.544273+00:00,151,Synthetic Terminal Node 5 (Ahmedabad),SYNTHETIC_TELCO_GATEWAY
CDR_0295,+919886125617,+919825374874,2026-09-09T11:00:06.544273+00:00,577,Synthetic Terminal Node 2 (Delhi),SYNTHETIC_TELCO_GATEWAY
CDR_0296,+919896028436,+919896282117,2026-09-09T12:07:06.544273+00:00,95,Synthetic Terminal Node 3 (Bengaluru),SYNTHETIC_TELCO_GATEWAY
CDR_0297,+919828566572,+919884252722,2026-09-09T13:33:06.544273+00:00,160,Synthetic Terminal Node 7 (Kolkata),SYNTHETIC_TELCO_GATEWAY
CDR_0298,+919897971488,+919863606628,2026-09-09T14:41:06.544273+00:00,367,Synthetic Terminal Node 1 (Mumbai),SYNTHETIC_TELCO_GATEWAY
CDR_0299,+919872820592,+919886125617,2026-09-09T15:50:06.544273+00:00,524,Synthetic Terminal Node 6 (Chennai),SYNTHETIC_TELCO_GATEWAY
CDR_0300,+919863606628,+919861642594,2026-09-09T16:42:06.544273+00:00,393,Synthetic Terminal Node 4 (Hyderabad),SYNTHETIC_TELCO_GATEWAY
CDR_0301,+919845935572,+919830514014,2026-09-09T17:55:06.544273+00:00,353,Synthetic Terminal Node 3 (Bengaluru),SYNTHETIC_TELCO_GATEWAY
CDR_0302,+919845551614,+919886125617,2026-09-09T19:19:06.544273+00:00,493,Synthetic Terminal Node 3 (Bengaluru),SYNTHETIC_TELCO_GATEWAY
CDR_0303,+919825374874,+919884252722,2026-09-09T20:52:06.544273+00:00,15,Synthetic Terminal Node 2 (Delhi),SYNTHETIC_TELCO_GATEWAY
CDR_0304,+919845935572,+919828566572,2026-09-09T21:38:06.544273+00:00,163,Synthetic Terminal Node 9 (Mumbai),SYNTHETIC_TELCO_GATEWAY
CDR_0305,+919845351479,+919896028436,2026-09-09T23:04:06.544273+00:00,123,Synthetic Terminal Node 5 (Ahmedabad),SYNTHETIC_TELCO_GATEWAY
CDR_0306,+919863606628,+919822201654,2026-09-09T23:56:06.544273+00:00,58,Synthetic Terminal Node 4 (Hyderabad),SYNTHETIC_TELCO_GATEWAY
CDR_0307,+919872820592,+919845351479,2026-09-10T01:30:06.544273+00:00,74,Synthetic Terminal Node 2 (Delhi),SYNTHETIC_TELCO_GATEWAY
CDR_0308,+919825374874,+919845351479,2026-09-10T02:47:06.544273+00:00,26,Synthetic Terminal Node 9 (Mumbai),SYNTHETIC_TELCO_GATEWAY
CDR_0309,+919870897765,+919863606628,2026-09-10T03:34:06.544273+00:00,308,Synthetic Terminal Node 7 (Kolkata),SYNTHETIC_TELCO_GATEWAY
CDR_0310,+919845935572,+919845351479,2026-09-10T04:59:06.544273+00:00,256,Synthetic Terminal Node 10 (Delhi),SYNTHETIC_TELCO_GATEWAY
CDR_0311,+919872820592,+919885345555,2026-09-10T06:31:06.544273+00:00,97,Synthetic Terminal Node 9 (Mumbai),SYNTHETIC_TELCO_GATEWAY
CDR_0312,+919866661351,+919897971488,2026-09-10T07:34:06.544273+00:00,567,Synthetic Terminal Node 9 (Mumbai),SYNTHETIC_TELCO_GATEWAY
CDR_0313,+919896028436,+919849392920,2026-09-10T08:14:06.544273+00:00,409,Synthetic Terminal Node 8 (Pune),SYNTHETIC_TELCO_GATEWAY
CDR_0314,+919886125617,+919861642594,2026-09-10T09:48:06.544273+00:00,269,Synthetic Terminal Node 1 (Mumbai),SYNTHETIC_TELCO_GATEWAY
CDR_0315,+919866661351,+919897971488,2026-09-10T10:59:06.544273+00:00,256,Synthetic Terminal Node 2 (Delhi),SYNTHETIC_TELCO_GATEWAY
CDR_0316,+919870897765,+919830514014,2026-09-10T11:57:06.544273+00:00,55,Synthetic Terminal Node 6 (Chennai),SYNTHETIC_TELCO_GATEWAY
CDR_0317,+919849392920,+919830514014,2026-09-10T13:42:06.544273+00:00,189,Synthetic Terminal Node 8 (Pune),SYNTHETIC_TELCO_GATEWAY
CDR_0318,+919825374874,+919885345555,2026-09-10T14:21:06.544273+00:00,74,Synthetic Terminal Node 8 (Pune),SYNTHETIC_TELCO_GATEWAY
CDR_0319,+919886125617,+919822201654,2026-09-10T15:37:06.544273+00:00,54,Synthetic Terminal Node 4 (Hyderabad),SYNTHETIC_TELCO_GATEWAY
CDR_0320,+919886125617,+919830514014,2026-09-10T16:56:06.544273+00:00,537,Synthetic Terminal Node 7 (Kolkata),SYNTHETIC_TELCO_GATEWAY
CDR_0321,+919849392920,+919825374874,2026-09-10T18:05:06.544273+00:00,47,Synthetic Terminal Node 4 (Hyderabad),SYNTHETIC_TELCO_GATEWAY
CDR_0322,+919822201654,+919866661351,2026-09-10T19:04:06.544273+00:00,349,Synthetic Terminal Node 5 (Ahmedabad),SYNTHETIC_TELCO_GATEWAY
CDR_0323,+919896282117,+919866661351,2026-09-10T20:40:06.544273+00:00,419,Synthetic Terminal Node 8 (Pune),SYNTHETIC_TELCO_GATEWAY
CDR_0324,+919861642594,+919830514014,2026-09-10T21:36:06.544273+00:00,518,Synthetic Terminal Node 8 (Pune),SYNTHETIC_TELCO_GATEWAY
CDR_0325,+919866661351,+919896028436,2026-09-10T22:54:06.544273+00:00,94,Synthetic Terminal Node 7 (Kolkata),SYNTHETIC_TELCO_GATEWAY
CDR_0326,+919897971488,+919872820592,2026-09-11T00:27:06.544273+00:00,194,Synthetic Terminal Node 9 (Mumbai),SYNTHETIC_TELCO_GATEWAY
CDR_0327,+919822201654,+919830514014,2026-09-11T01:07:06.544273+00:00,91,Synthetic Terminal Node 6 (Chennai),SYNTHETIC_TELCO_GATEWAY
CDR_0329,+919884252722,+919845351479,2026-09-11T03:52:06.544273+00:00,180,Synthetic Terminal Node 8 (Pune),SYNTHETIC_TELCO_GATEWAY
CDR_0330,+919866661351,+919884252722,2026-09-11T04:39:06.544273+00:00,371,Synthetic Terminal Node 10 (Delhi),SYNTHETIC_TELCO_GATEWAY
CDR_0331,+919872820592,+919828566572,2026-09-11T06:29:06.544273+00:00,68,Synthetic Terminal Node 2 (Delhi),SYNTHETIC_TELCO_GATEWAY
CDR_0332,+919861642594,+919866661351,2026-09-11T07:33:06.544273+00:00,173,Synthetic Terminal Node 1 (Mumbai),SYNTHETIC_TELCO_GATEWAY
CDR_0333,+919845551614,+919845351479,2026-09-11T08:56:06.544273+00:00,458,Synthetic Terminal Node 1 (Mumbai),SYNTHETIC_TELCO_GATEWAY
CDR_0334,+919845551614,+919897971488,2026-09-11T09:40:06.544273+00:00,385,Synthetic Terminal Node 6 (Chennai),SYNTHETIC_TELCO_GATEWAY
CDR_0335,+919861642594,+919870897765,2026-09-11T10:39:06.544273+00:00,167,Synthetic Terminal Node 8 (Pune),SYNTHETIC_TELCO_GATEWAY
CDR_0337,+919884252722,+919897971488,2026-09-11T13:37:06.544273+00:00,150,Synthetic Terminal Node 9 (Mumbai),SYNTHETIC_TELCO_GATEWAY
CDR_0338,+919866661351,+919861642594,2026-09-11T14:33:06.544273+00:00,295,Synthetic Terminal Node 4 (Hyderabad),SYNTHETIC_TELCO_GATEWAY
CDR_0339,+919896282117,+919845935572,2026-09-11T15:36:06.544273+00:00,521,Synthetic Terminal Node 9 (Mumbai),SYNTHETIC_TELCO_GATEWAY
CDR_0340,+919861642594,+919849392920,2026-09-11T16:44:06.544273+00:00,278,Synthetic Terminal Node 5 (Ahmedabad),SYNTHETIC_TELCO_GATEWAY
CDR_0341,+919884252722,+919888461803,2026-09-11T18:28:06.544273+00:00,302,Synthetic Terminal Node 8 (Pune),SYNTHETIC_TELCO_GATEWAY
CDR_0342,+919888461803,+919896282117,2026-09-11T19:09:06.544273+00:00,85,Synthetic Terminal Node 8 (Pune),SYNTHETIC_TELCO_GATEWAY
CDR_0343,+919885345555,+919884252722,2026-09-11T20:18:06.544273+00:00,337,Synthetic Terminal Node 6 (Chennai),SYNTHETIC_TELCO_GATEWAY
CDR_0344,+919897971488,+919849392920,2026-09-11T21:59:06.544273+00:00,307,Synthetic Terminal Node 5 (Ahmedabad),SYNTHETIC_TELCO_GATEWAY
CDR_0346,+919866661351,+919896028436,2026-09-12T00:03:06.544273+00:00,134,Synthetic Terminal Node 4 (Hyderabad),SYNTHETIC_TELCO_GATEWAY
CDR_0347,+919845551614,+919863606628,2026-09-12T01:32:06.544273+00:00,36,Synthetic Terminal Node 6 (Chennai),SYNTHETIC_TELCO_GATEWAY
CDR_0348,+919849392920,+919870897765,2026-09-12T02:36:06.544273+00:00,488,Synthetic Terminal Node 9 (Mumbai),SYNTHETIC_TELCO_GATEWAY
CDR_0349,+919845551614,+919845351479,2026-09-12T03:30:06.544273+00:00,77,Synthetic Terminal Node 5 (Ahmedabad),SYNTHETIC_TELCO_GATEWAY
CDR_0350,+919861642594,+919825374874,2026-09-12T05:10:06.544273+00:00,430,Synthetic Terminal Node 7 (Kolkata),SYNTHETIC_TELCO_GATEWAY
CDR_0351,+919870897765,+919897971488,2026-09-12T05:57:06.544273+00:00,334,Synthetic Terminal Node 2 (Delhi),SYNTHETIC_TELCO_GATEWAY
CDR_0353,+919896028436,+919866661351,2026-09-12T08:21:06.544273+00:00,574,Synthetic Terminal Node 10 (Delhi),SYNTHETIC_TELCO_GATEWAY
CDR_0354,+919885345555,+919845551614,2026-09-12T09:52:06.544273+00:00,524,Synthetic Terminal Node 1 (Mumbai),SYNTHETIC_TELCO_GATEWAY
CDR_0355,+919896282117,+919896028436,2026-09-12T10:46:06.544273+00:00,321,Synthetic Terminal Node 3 (Bengaluru),SYNTHETIC_TELCO_GATEWAY
CDR_0356,+919885345555,+919830514014,2026-09-12T12:03:06.544273+00:00,364,Synthetic Terminal Node 9 (Mumbai),SYNTHETIC_TELCO_GATEWAY
CDR_0357,+919822201654,+919897971488,2026-09-12T13:17:06.544273+00:00,211,Synthetic Terminal Node 9 (Mumbai),SYNTHETIC_TELCO_GATEWAY
CDR_0358,+919828566572,+919845551614,2026-09-12T14:53:06.544273+00:00,320,Synthetic Terminal Node 10 (Delhi),SYNTHETIC_TELCO_GATEWAY
CDR_0359,+919849392920,+919897971488,2026-09-12T15:57:06.544273+00:00,182,Synthetic Terminal Node 10 (Delhi),SYNTHETIC_TELCO_GATEWAY
CDR_0360,+919870897765,+919845551614,2026-09-12T16:47:06.544273+00:00,355,Synthetic Terminal Node 10 (Delhi),SYNTHETIC_TELCO_GATEWAY
CDR_0361,+919886125617,+919845935572,2026-09-12T17:54:06.544273+00:00,56,Synthetic Terminal Node 10 (Delhi),SYNTHETIC_TELCO_GATEWAY
CDR_0362,+919828566572,+919888461803,2026-09-12T19:37:06.544273+00:00,436,Synthetic Terminal Node 10 (Delhi),SYNTHETIC_TELCO_GATEWAY
CDR_0363,+919845935572,+919825374874,2026-09-12T20:53:06.544273+00:00,568,Synthetic Terminal Node 5 (Ahmedabad),SYNTHETIC_TELCO_GATEWAY
CDR_0364,+919822201654,+919825374874,2026-09-12T21:40:06.544273+00:00,425,Synthetic Terminal Node 5 (Ahmedabad),SYNTHETIC_TELCO_GATEWAY
CDR_0365,+919884252722,+919897971488,2026-09-12T23:21:06.544273+00:00,71,Synthetic Terminal Node 3 (Bengaluru),SYNTHETIC_TELCO_GATEWAY
CDR_0366,+919884252722,+919872820592,2026-09-13T00:19:06.544273+00:00,485,Synthetic Terminal Node 4 (Hyderabad),SYNTHETIC_TELCO_GATEWAY
CDR_0367,+919830514014,+919845351479,2026-09-13T01:10:06.544273+00:00,330,Synthetic Terminal Node 6 (Chennai),SYNTHETIC_TELCO_GATEWAY
CDR_0368,+919866661351,+919861642594,2026-09-13T02:21:06.544273+00:00,389,Synthetic Terminal Node 9 (Mumbai),SYNTHETIC_TELCO_GATEWAY
CDR_0369,+919849392920,+919896282117,2026-09-13T03:45:06.544273+00:00,257,Synthetic Terminal Node 8 (Pune),SYNTHETIC_TELCO_GATEWAY
CDR_0370,+919896282117,+919828566572,2026-09-13T05:05:06.544273+00:00,263,Synthetic Terminal Node 3 (Bengaluru),SYNTHETIC_TELCO_GATEWAY
CDR_0371,+919896282117,+919886125617,2026-09-13T06:07:06.544273+00:00,403,Synthetic Terminal Node 10 (Delhi),SYNTHETIC_TELCO_GATEWAY
CDR_0372,+919872820592,+919863606628,2026-09-13T07:11:06.544273+00:00,345,Synthetic Terminal Node 10 (Delhi),SYNTHETIC_TELCO_GATEWAY
CDR_0373,+919830514014,+919888461803,2026-09-13T08:23:06.544273+00:00,520,Synthetic Terminal Node 9 (Mumbai),SYNTHETIC_TELCO_GATEWAY
CDR_0374,+919884252722,+919825374874,2026-09-13T09:44:06.544273+00:00,519,Synthetic Terminal Node 1 (Mumbai),SYNTHETIC_TELCO_GATEWAY
CDR_0375,+919897971488,+919861642594,2026-09-13T11:09:06.544273+00:00,478,Synthetic Terminal Node 4 (Hyderabad),SYNTHETIC_TELCO_GATEWAY
CDR_0376,+919888461803,+919870897765,2026-09-13T12:11:06.544273+00:00,59,Synthetic Terminal Node 1 (Mumbai),SYNTHETIC_TELCO_GATEWAY
CDR_0377,+919822201654,+919825374874,2026-09-13T13:39:06.544273+00:00,491,Synthetic Terminal Node 5 (Ahmedabad),SYNTHETIC_TELCO_GATEWAY
CDR_0378,+919849392920,+919845935572,2026-09-13T14:19:06.544273+00:00,451,Synthetic Terminal Node 3 (Bengaluru),SYNTHETIC_TELCO_GATEWAY
CDR_0379,+919828566572,+919866661351,2026-09-13T15:50:06.544273+00:00,384,Synthetic Terminal Node 1 (Mumbai),SYNTHETIC_TELCO_GATEWAY
CDR_0380,+919861642594,+919886125617,2026-09-13T17:13:06.544273+00:00,585,Synthetic Terminal Node 4 (Hyderabad),SYNTHETIC_TELCO_GATEWAY
CDR_0381,+919866661351,+919849392920,2026-09-13T18:07:06.544273+00:00,85,Synthetic Terminal Node 7 (Kolkata),SYNTHETIC_TELCO_GATEWAY
CDR_0382,+919896028436,+919884252722,2026-09-13T19:36:06.544273+00:00,296,Synthetic Terminal Node 10 (Delhi),SYNTHETIC_TELCO_GATEWAY
CDR_0383,+919845351479,+919896282117,2026-09-13T20:21:06.544273+00:00,109,Synthetic Terminal Node 7 (Kolkata),SYNTHETIC_TELCO_GATEWAY
CDR_0384,+919866661351,+919830514014,2026-09-13T22:00:06.544273+00:00,384,Synthetic Terminal Node 3 (Bengaluru),SYNTHETIC_TELCO_GATEWAY
CDR_0385,+919888461803,+919845351479,2026-09-13T23:09:06.544273+00:00,421,Synthetic Terminal Node 9 (Mumbai),SYNTHETIC_TELCO_GATEWAY
CDR_0387,+919886125617,+919845551614,2026-09-14T01:22:06.544273+00:00,495,Synthetic Terminal Node 9 (Mumbai),SYNTHETIC_TELCO_GATEWAY
CDR_0388,+919884252722,+919845551614,2026-09-14T02:51:06.544273+00:00,537,Synthetic Terminal Node 3 (Bengaluru),SYNTHETIC_TELCO_GATEWAY
CDR_0389,+919830514014,+919845351479,2026-09-14T03:45:06.544273+00:00,176,Synthetic Terminal Node 7 (Kolkata),SYNTHETIC_TELCO_GATEWAY
CDR_0390,+919845351479,+919822201654,2026-09-14T05:14:06.544273+00:00,354,Synthetic Terminal Node 9 (Mumbai),SYNTHETIC_TELCO_GATEWAY
CDR_0391,+919896028436,+919849392920,2026-09-14T06:20:06.544273+00:00,586,Synthetic Terminal Node 5 (Ahmedabad),SYNTHETIC_TELCO_GATEWAY
CDR_0392,+919825374874,+919845935572,2026-09-14T07:24:06.544273+00:00,349,Synthetic Terminal Node 2 (Delhi),SYNTHETIC_TELCO_GATEWAY
CDR_0393,+919872820592,+919870897765,2026-09-14T08:32:06.544273+00:00,37,Synthetic Terminal Node 10 (Delhi),SYNTHETIC_TELCO_GATEWAY
CDR_0394,+919825374874,+919828566572,2026-09-14T10:06:06.544273+00:00,243,Synthetic Terminal Node 1 (Mumbai),SYNTHETIC_TELCO_GATEWAY
CDR_0395,+919870897765,+919825374874,2026-09-14T10:47:06.544273+00:00,546,Synthetic Terminal Node 10 (Delhi),SYNTHETIC_TELCO_GATEWAY
CDR_0396,+919861642594,+919845551614,2026-09-14T12:32:06.544273+00:00,258,Synthetic Terminal Node 1 (Mumbai),SYNTHETIC_TELCO_GATEWAY
CDR_0397,+919870897765,+919896282117,2026-09-14T13:13:06.544273+00:00,29,Synthetic Terminal Node 8 (Pune),SYNTHETIC_TELCO_GATEWAY
CDR_0398,+919830514014,+919872820592,2026-09-14T14:22:06.544273+00:00,432,Synthetic Terminal Node 4 (Hyderabad),SYNTHETIC_TELCO_GATEWAY
CDR_0399,+919872820592,+919896028436,2026-09-14T16:04:06.544273+00:00,492,Synthetic Terminal Node 1 (Mumbai),SYNTHETIC_TELCO_GATEWAY
CDR_0400,+919845551614,+919896028436,2026-09-14T16:50:06.544273+00:00,584,Synthetic Terminal Node 6 (Chennai),SYNTHETIC_TELCO_GATEWAY
CDR_0401,+919825374874,+919896028436,2026-09-14T18:13:06.544273+00:00,331,Synthetic Terminal Node 3 (Bengaluru),SYNTHETIC_TELCO_GATEWAY
CDR_0402,+919884252722,+919849392920,2026-09-14T19:22:06.544273+00:00,569,Synthetic Terminal Node 6 (Chennai),SYNTHETIC_TELCO_GATEWAY
CDR_0403,+919828566572,+919845351479,2026-09-14T20:43:06.544273+00:00,206,Synthetic Terminal Node 4 (Hyderabad),SYNTHETIC_TELCO_GATEWAY
CDR_0404,+919828566572,+919849392920,2026-09-14T21:44:06.544273+00:00,240,Synthetic Terminal Node 5 (Ahmedabad),SYNTHETIC_TELCO_GATEWAY
CDR_0405,+919822201654,+919888461803,2026-09-14T23:21:06.544273+00:00,510,Synthetic Terminal Node 6 (Chennai),SYNTHETIC_TELCO_GATEWAY
CDR_0406,+919825374874,+919866661351,2026-09-15T00:24:06.544273+00:00,290,Synthetic Terminal Node 5 (Ahmedabad),SYNTHETIC_TELCO_GATEWAY
CDR_0407,+919896282117,+919870897765,2026-09-15T01:44:06.544273+00:00,566,Synthetic Terminal Node 7 (Kolkata),SYNTHETIC_TELCO_GATEWAY
CDR_0408,+919861642594,+919866661351,2026-09-15T02:22:06.544273+00:00,307,Synthetic Terminal Node 1 (Mumbai),SYNTHETIC_TELCO_GATEWAY
CDR_0409,+919822201654,+919897971488,2026-09-15T03:47:06.544273+00:00,462,Synthetic Terminal Node 5 (Ahmedabad),SYNTHETIC_TELCO_GATEWAY
CDR_0410,+919825374874,+919888461803,2026-09-15T04:49:06.544273+00:00,561,Synthetic Terminal Node 5 (Ahmedabad),SYNTHETIC_TELCO_GATEWAY
CDR_0411,+919849392920,+919828566572,2026-09-15T05:57:06.544273+00:00,121,Synthetic Terminal Node 10 (Delhi),SYNTHETIC_TELCO_GATEWAY
CDR_0412,+919870897765,+919863606628,2026-09-15T07:16:06.544273+00:00,61,Synthetic Terminal Node 9 (Mumbai),SYNTHETIC_TELCO_GATEWAY
CDR_0414,+919886125617,+919896282117,2026-09-15T09:51:06.544273+00:00,348,Synthetic Terminal Node 8 (Pune),SYNTHETIC_TELCO_GATEWAY
CDR_0415,+919896282117,+919845551614,2026-09-15T10:37:06.544273+00:00,573,Synthetic Terminal Node 3 (Bengaluru),SYNTHETIC_TELCO_GATEWAY
CDR_0416,+919872820592,+919825374874,2026-09-15T12:19:06.544273+00:00,214,Synthetic Terminal Node 5 (Ahmedabad),SYNTHETIC_TELCO_GATEWAY
CDR_0417,+919830514014,+919822201654,2026-09-15T13:42:06.544273+00:00,70,Synthetic Terminal Node 2 (Delhi),SYNTHETIC_TELCO_GATEWAY
CDR_0418,+919870897765,+919863606628,2026-09-15T14:47:06.544273+00:00,48,Synthetic Terminal Node 3 (Bengaluru),SYNTHETIC_TELCO_GATEWAY
CDR_0419,+919872820592,+919885345555,2026-09-15T15:27:06.544273+00:00,416,Synthetic Terminal Node 8 (Pune),SYNTHETIC_TELCO_GATEWAY
CDR_0420,+919885345555,+919822201654,2026-09-15T16:39:06.544273+00:00,19,Synthetic Terminal Node 5 (Ahmedabad),SYNTHETIC_TELCO_GATEWAY
CDR_0421,+919870897765,+919845351479,2026-09-15T17:55:06.544273+00:00,353,Synthetic Terminal Node 5 (Ahmedabad),SYNTHETIC_TELCO_GATEWAY
CDR_0422,+919884252722,+919849392920,2026-09-15T19:34:06.544273+00:00,515,Synthetic Terminal Node 3 (Bengaluru),SYNTHETIC_TELCO_GATEWAY
CDR_0423,+919896028436,+919884252722,2026-09-15T20:30:06.544273+00:00,207,Synthetic Terminal Node 2 (Delhi),SYNTHETIC_TELCO_GATEWAY
CDR_0424,+919830514014,+919885345555,2026-09-15T21:54:06.544273+00:00,273,Synthetic Terminal Node 3 (Bengaluru),SYNTHETIC_TELCO_GATEWAY
CDR_0425,+919845935572,+919830514014,2026-09-15T22:55:06.544273+00:00,591,Synthetic Terminal Node 4 (Hyderabad),SYNTHETIC_TELCO_GATEWAY
CDR_0426,+919885345555,+919845351479,2026-09-16T00:29:06.544273+00:00,425,Synthetic Terminal Node 7 (Kolkata),SYNTHETIC_TELCO_GATEWAY
CDR_0427,+919896028436,+919830514014,2026-09-16T01:06:06.544273+00:00,420,Synthetic Terminal Node 2 (Delhi),SYNTHETIC_TELCO_GATEWAY
CDR_0428,+919885345555,+919845551614,2026-09-16T02:43:06.544273+00:00,341,Synthetic Terminal Node 4 (Hyderabad),SYNTHETIC_TELCO_GATEWAY
CDR_0429,+919845935572,+919828566572,2026-09-16T03:49:06.544273+00:00,251,Synthetic Terminal Node 8 (Pune),SYNTHETIC_TELCO_GATEWAY
CDR_0430,+919828566572,+919830514014,2026-09-16T04:56:06.544273+00:00,596,Synthetic Terminal Node 1 (Mumbai),SYNTHETIC_TELCO_GATEWAY
CDR_0431,+919828566572,+919866661351,2026-09-16T06:33:06.544273+00:00,251,Synthetic Terminal Node 1 (Mumbai),SYNTHETIC_TELCO_GATEWAY
CDR_0432,+919896282117,+919884252722,2026-09-16T07:20:06.544273+00:00,173,Synthetic Terminal Node 7 (Kolkata),SYNTHETIC_TELCO_GATEWAY
CDR_0433,+919896028436,+919822201654,2026-09-16T08:57:06.544273+00:00,130,Synthetic Terminal Node 5 (Ahmedabad),SYNTHETIC_TELCO_GATEWAY
CDR_0434,+919866661351,+919845351479,2026-09-16T09:39:06.544273+00:00,234,Synthetic Terminal Node 3 (Bengaluru),SYNTHETIC_TELCO_GATEWAY
CDR_0435,+919825374874,+919845551614,2026-09-16T11:06:06.544273+00:00,392,Synthetic Terminal Node 7 (Kolkata),SYNTHETIC_TELCO_GATEWAY
CDR_0436,+919849392920,+919825374874,2026-09-16T12:23:06.544273+00:00,233,Synthetic Terminal Node 4 (Hyderabad),SYNTHETIC_TELCO_GATEWAY
CDR_0437,+919845351479,+919897971488,2026-09-16T13:34:06.544273+00:00,467,Synthetic Terminal Node 9 (Mumbai),SYNTHETIC_TELCO_GATEWAY
CDR_0438,+919866661351,+919897971488,2026-09-16T14:49:06.544273+00:00,124,Synthetic Terminal Node 1 (Mumbai),SYNTHETIC_TELCO_GATEWAY
CDR_0439,+919849392920,+919896028436,2026-09-16T15:37:06.544273+00:00,596,Synthetic Terminal Node 9 (Mumbai),SYNTHETIC_TELCO_GATEWAY
CDR_0440,+919845551614,+919885345555,2026-09-16T16:57:06.544273+00:00,542,Synthetic Terminal Node 8 (Pune),SYNTHETIC_TELCO_GATEWAY
CDR_0441,+919896282117,+919888461803,2026-09-16T18:26:06.544273+00:00,510,Synthetic Terminal Node 2 (Delhi),SYNTHETIC_TELCO_GATEWAY
CDR_0442,+919896028436,+919884252722,2026-09-16T19:04:06.544273+00:00,474,Synthetic Terminal Node 3 (Bengaluru),SYNTHETIC_TELCO_GATEWAY
CDR_0443,+919896028436,+919872820592,2026-09-16T20:42:06.544273+00:00,587,Synthetic Terminal Node 1 (Mumbai),SYNTHETIC_TELCO_GATEWAY
CDR_0444,+919849392920,+919884252722,2026-09-16T22:08:06.544273+00:00,325,Synthetic Terminal Node 1 (Mumbai),SYNTHETIC_TELCO_GATEWAY
CDR_0445,+919861642594,+919828566572,2026-09-16T22:37:06.544273+00:00,233,Synthetic Terminal Node 10 (Delhi),SYNTHETIC_TELCO_GATEWAY
CDR_0446,+919897971488,+919886125617,2026-09-17T00:16:06.544273+00:00,362,Synthetic Terminal Node 2 (Delhi),SYNTHETIC_TELCO_GATEWAY
CDR_0447,+919849392920,+919886125617,2026-09-17T01:05:06.544273+00:00,493,Synthetic Terminal Node 1 (Mumbai),SYNTHETIC_TELCO_GATEWAY
CDR_0448,+919822201654,+919872820592,2026-09-17T02:24:06.544273+00:00,148,Synthetic Terminal Node 7 (Kolkata),SYNTHETIC_TELCO_GATEWAY
CDR_0449,+919866661351,+919861642594,2026-09-17T03:53:06.544273+00:00,396,Synthetic Terminal Node 7 (Kolkata),SYNTHETIC_TELCO_GATEWAY
CDR_0450,+919897971488,+919849392920,2026-09-17T04:45:06.544273+00:00,366,Synthetic Terminal Node 2 (Delhi),SYNTHETIC_TELCO_GATEWAY
CDR_0451,+919885345555,+919849392920,2026-09-17T06:14:06.544273+00:00,551,Synthetic Terminal Node 3 (Bengaluru),SYNTHETIC_TELCO_GATEWAY
CDR_0452,+919863606628,+919845935572,2026-09-17T07:02:06.544273+00:00,315,Synthetic Terminal Node 8 (Pune),SYNTHETIC_TELCO_GATEWAY
CDR_0453,+919849392920,+919872820592,2026-09-17T08:47:06.544273+00:00,398,Synthetic Terminal Node 4 (Hyderabad),SYNTHETIC_TELCO_GATEWAY
CDR_0454,+919863606628,+919884252722,2026-09-17T09:47:06.544273+00:00,168,Synthetic Terminal Node 5 (Ahmedabad),SYNTHETIC_TELCO_GATEWAY
CDR_0455,+919888461803,+919896282117,2026-09-17T10:39:06.544273+00:00,439,Synthetic Terminal Node 10 (Delhi),SYNTHETIC_TELCO_GATEWAY
CDR_0456,+919845935572,+919863606628,2026-09-17T12:02:06.544273+00:00,78,Synthetic Terminal Node 2 (Delhi),SYNTHETIC_TELCO_GATEWAY
CDR_0457,+919845351479,+919886125617,2026-09-17T13:29:06.544273+00:00,59,Synthetic Terminal Node 4 (Hyderabad),SYNTHETIC_TELCO_GATEWAY
CDR_0458,+919886125617,+919861642594,2026-09-17T14:41:06.544273+00:00,249,Synthetic Terminal Node 9 (Mumbai),SYNTHETIC_TELCO_GATEWAY
CDR_0459,+919888461803,+919886125617,2026-09-17T15:33:06.544273+00:00,525,Synthetic Terminal Node 5 (Ahmedabad),SYNTHETIC_TELCO_GATEWAY
CDR_0460,+919863606628,+919870897765,2026-09-17T16:57:06.544273+00:00,338,Synthetic Terminal Node 4 (Hyderabad),SYNTHETIC_TELCO_GATEWAY
CDR_0461,+919822201654,+919845551614,2026-09-17T18:31:06.544273+00:00,543,Synthetic Terminal Node 4 (Hyderabad),SYNTHETIC_TELCO_GATEWAY
CDR_0462,+919872820592,+919822201654,2026-09-17T19:18:06.544273+00:00,72,Synthetic Terminal Node 9 (Mumbai),SYNTHETIC_TELCO_GATEWAY
CDR_0463,+919870897765,+919885345555,2026-09-17T20:53:06.544273+00:00,447,Synthetic Terminal Node 9 (Mumbai),SYNTHETIC_TELCO_GATEWAY
CDR_0464,+919825374874,+919886125617,2026-09-17T21:47:06.544273+00:00,400,Synthetic Terminal Node 9 (Mumbai),SYNTHETIC_TELCO_GATEWAY
CDR_0465,+919830514014,+919872820592,2026-09-17T23:03:06.544273+00:00,162,Synthetic Terminal Node 5 (Ahmedabad),SYNTHETIC_TELCO_GATEWAY
CDR_0466,+919861642594,+919885345555,2026-09-18T00:23:06.544273+00:00,494,Synthetic Terminal Node 4 (Hyderabad),SYNTHETIC_TELCO_GATEWAY
CDR_0467,+919863606628,+919822201654,2026-09-18T01:10:06.544273+00:00,484,Synthetic Terminal Node 1 (Mumbai),SYNTHETIC_TELCO_GATEWAY
CDR_0468,+919849392920,+919872820592,2026-09-18T02:39:06.544273+00:00,580,Synthetic Terminal Node 9 (Mumbai),SYNTHETIC_TELCO_GATEWAY
CDR_0469,+919845551614,+919861642594,2026-09-18T03:40:06.544273+00:00,271,Synthetic Terminal Node 4 (Hyderabad),SYNTHETIC_TELCO_GATEWAY
CDR_0470,+919830514014,+919897971488,2026-09-18T05:05:06.544273+00:00,389,Synthetic Terminal Node 2 (Delhi),SYNTHETIC_TELCO_GATEWAY
CDR_0471,+919849392920,+919888461803,2026-09-18T05:52:06.544273+00:00,284,Synthetic Terminal Node 7 (Kolkata),SYNTHETIC_TELCO_GATEWAY
CDR_0473,+919886125617,+919897971488,2026-09-18T08:25:06.544273+00:00,582,Synthetic Terminal Node 4 (Hyderabad),SYNTHETIC_TELCO_GATEWAY
CDR_0474,+919825374874,+919888461803,2026-09-18T09:46:06.544273+00:00,320,Synthetic Terminal Node 1 (Mumbai),SYNTHETIC_TELCO_GATEWAY
CDR_0476,+919896282117,+919825374874,2026-09-18T12:04:06.544273+00:00,219,Synthetic Terminal Node 7 (Kolkata),SYNTHETIC_TELCO_GATEWAY
CDR_0477,+919863606628,+919849392920,2026-09-18T13:21:06.544273+00:00,299,Synthetic Terminal Node 7 (Kolkata),SYNTHETIC_TELCO_GATEWAY
CDR_0478,+919884252722,+919849392920,2026-09-18T14:54:06.544273+00:00,377,Synthetic Terminal Node 5 (Ahmedabad),SYNTHETIC_TELCO_GATEWAY
CDR_0479,+919828566572,+919866661351,2026-09-18T15:57:06.544273+00:00,519,Synthetic Terminal Node 8 (Pune),SYNTHETIC_TELCO_GATEWAY
CDR_0480,+919896282117,+919825374874,2026-09-18T16:57:06.544273+00:00,218,Synthetic Terminal Node 6 (Chennai),SYNTHETIC_TELCO_GATEWAY
CDR_0481,+919830514014,+919872820592,2026-09-18T17:51:06.544273+00:00,586,Synthetic Terminal Node 4 (Hyderabad),SYNTHETIC_TELCO_GATEWAY
CDR_0482,+919845551614,+919845935572,2026-09-18T19:17:06.544273+00:00,576,Synthetic Terminal Node 10 (Delhi),SYNTHETIC_TELCO_GATEWAY
CDR_0483,+919870897765,+919872820592,2026-09-18T20:31:06.544273+00:00,166,Synthetic Terminal Node 4 (Hyderabad),SYNTHETIC_TELCO_GATEWAY
CDR_0484,+919830514014,+919863606628,2026-09-18T21:49:06.544273+00:00,593,Synthetic Terminal Node 4 (Hyderabad),SYNTHETIC_TELCO_GATEWAY
CDR_0485,+919825374874,+919849392920,2026-09-18T23:18:06.544273+00:00,355,Synthetic Terminal Node 5 (Ahmedabad),SYNTHETIC_TELCO_GATEWAY
CDR_0487,+919884252722,+919885345555,2026-09-19T01:23:06.544273+00:00,183,Synthetic Terminal Node 3 (Bengaluru),SYNTHETIC_TELCO_GATEWAY
CDR_0488,+919849392920,+919825374874,2026-09-19T02:24:06.544273+00:00,565,Synthetic Terminal Node 1 (Mumbai),SYNTHETIC_TELCO_GATEWAY
CDR_0489,+919896028436,+919886125617,2026-09-19T03:29:06.544273+00:00,59,Synthetic Terminal Node 1 (Mumbai),SYNTHETIC_TELCO_GATEWAY
CDR_0490,+919872820592,+919845551614,2026-09-19T05:17:06.544273+00:00,246,Synthetic Terminal Node 2 (Delhi),SYNTHETIC_TELCO_GATEWAY
CDR_0491,+919845551614,+919845935572,2026-09-19T06:02:06.544273+00:00,527,Synthetic Terminal Node 8 (Pune),SYNTHETIC_TELCO_GATEWAY
CDR_0492,+919866661351,+919886125617,2026-09-19T07:40:06.544273+00:00,504,Synthetic Terminal Node 8 (Pune),SYNTHETIC_TELCO_GATEWAY
CDR_0495,+919872820592,+919845935572,2026-09-19T10:38:06.544273+00:00,552,Synthetic Terminal Node 5 (Ahmedabad),SYNTHETIC_TELCO_GATEWAY
CDR_0496,+919849392920,+919822201654,2026-09-19T11:50:06.544273+00:00,524,Synthetic Terminal Node 7 (Kolkata),SYNTHETIC_TELCO_GATEWAY
CDR_0497,+919885345555,+919896282117,2026-09-19T13:07:06.544273+00:00,546,Synthetic Terminal Node 3 (Bengaluru),SYNTHETIC_TELCO_GATEWAY
CDR_0498,+919863606628,+919888461803,2026-09-19T14:52:06.544273+00:00,549,Synthetic Terminal Node 5 (Ahmedabad),SYNTHETIC_TELCO_GATEWAY
CDR_0499,+919866661351,+919828566572,2026-09-19T15:50:06.544273+00:00,90,Synthetic Terminal Node 6 (Chennai),SYNTHETIC_TELCO_GATEWAY
CDR_0500,+919861642594,+919884252722,2026-09-19T17:13:06.544273+00:00,259,Synthetic Terminal Node 4 (Hyderabad),SYNTHETIC_TELCO_GATEWAY
CDR_0501,+919822201654,+919897971488,2026-09-19T18:30:06.544273+00:00,42,Synthetic Terminal Node 2 (Delhi),SYNTHETIC_TELCO_GATEWAY
CDR_0503,+919861642594,+919849392920,2026-09-19T20:43:06.544273+00:00,67,Synthetic Terminal Node 1 (Mumbai),SYNTHETIC_TELCO_GATEWAY
CDR_0504,+919885345555,+919897971488,2026-09-19T21:56:06.544273+00:00,454,Synthetic Terminal Node 6 (Chennai),SYNTHETIC_TELCO_GATEWAY
CDR_0505,+919870897765,+919896282117,2026-09-19T23:10:06.544273+00:00,53,Synthetic Terminal Node 4 (Hyderabad),SYNTHETIC_TELCO_GATEWAY
CDR_0506,+919888461803,+919870897765,2026-09-20T00:19:06.544273+00:00,287,Synthetic Terminal Node 1 (Mumbai),SYNTHETIC_TELCO_GATEWAY
CDR_0507,+919897971488,+919828566572,2026-09-20T01:35:06.544273+00:00,587,Synthetic Terminal Node 1 (Mumbai),SYNTHETIC_TELCO_GATEWAY
CDR_0508,+919885345555,+919830514014,2026-09-20T02:14:06.544273+00:00,222,Synthetic Terminal Node 10 (Delhi),SYNTHETIC_TELCO_GATEWAY
CDR_0509,+919845551614,+919861642594,2026-09-20T03:29:06.544273+00:00,316,Synthetic Terminal Node 3 (Bengaluru),SYNTHETIC_TELCO_GATEWAY
CDR_0510,+919870897765,+919863606628,2026-09-20T05:13:06.544273+00:00,408,Synthetic Terminal Node 9 (Mumbai),SYNTHETIC_TELCO_GATEWAY
CDR_0511,+919830514014,+919861642594,2026-09-20T05:57:06.544273+00:00,90,Synthetic Terminal Node 9 (Mumbai),SYNTHETIC_TELCO_GATEWAY
CDR_0512,+919866661351,+919886125617,2026-09-20T07:07:06.544273+00:00,457,Synthetic Terminal Node 4 (Hyderabad),SYNTHETIC_TELCO_GATEWAY
CDR_0513,+919897971488,+919830514014,2026-09-20T08:51:06.544273+00:00,416,Synthetic Terminal Node 6 (Chennai),SYNTHETIC_TELCO_GATEWAY
CDR_0514,+919845935572,+919828566572,2026-09-20T09:53:06.544273+00:00,512,Synthetic Terminal Node 4 (Hyderabad),SYNTHETIC_TELCO_GATEWAY
CDR_0515,+919866661351,+919849392920,2026-09-20T11:01:06.544273+00:00,452,Synthetic Terminal Node 3 (Bengaluru),SYNTHETIC_TELCO_GATEWAY
CDR_0516,+919870897765,+919861642594,2026-09-20T11:54:06.544273+00:00,312,Synthetic Terminal Node 4 (Hyderabad),SYNTHETIC_TELCO_GATEWAY
CDR_0518,+919828566572,+919845551614,2026-09-20T14:37:06.544273+00:00,167,Synthetic Terminal Node 7 (Kolkata),SYNTHETIC_TELCO_GATEWAY
CDR_0519,+919830514014,+919866661351,2026-09-20T15:31:06.544273+00:00,103,Synthetic Terminal Node 1 (Mumbai),SYNTHETIC_TELCO_GATEWAY
